{"cameraMode":{"drawMode":0,"name":"Shaded","section":"Shading Mode"},"sceneLighting":true,"audioPlay":false,"sceneViewState":{"m_AlwaysRefresh":false,"showFog":true,"showSkybox":true,"showFlares":true,"showImageEffects":true,"showParticleSystems":true,"showVisualEffectGraphs":true,"m_FxEnabled":true},"in2DMode":false,"pivot":{"x":79.19999694824219,"y":22.850000381469728,"z":28.399999618530275},"rotation":{"x":-0.13050487637519837,"y":0.5385277271270752,"z":-0.08486944437026978,"w":-0.8281014561653137},"size":2.5228826999664308,"orthographic":false}